id,domain,sub_domain,length_category,context_words,prompt_characters,exact_tokens,selection_seed
66ed3960821e116aacb1f616,Multi-Document QA,Academic,long,404556,2120767,594211,20260928
66f00f1a821e116aacb252cf,Multi-Document QA,Academic,long,240493,1579801,407998,20260928
66f11349821e116aacb269e0,Multi-Document QA,Academic,long,252566,1639819,380759,20260928
66f24538821e116aacb2865e,Multi-Document QA,Academic,long,224160,1459129,354963,20260928
66f2adaf821e116aacb2aca9,Multi-Document QA,Academic,long,134238,893241,224732,20260928
66f3e604821e116aacb2fadf,Multi-Document QA,Academic,long,355426,2263006,655499,20260928
66f3f947821e116aacb3029b,Multi-Document QA,Financial,long,151461,1016318,247180,20260928
66f40b9c821e116aacb30a99,Multi-Document QA,Financial,long,282807,1950693,501121,20260928
66f43414821e116aacb310a1,Multi-Document QA,Financial,long,285929,1843309,452029,20260928
66f7c780bb02136c067c35e8,Multi-Document QA,Financial,long,143802,1030615,239825,20260928
66fa0d88bb02136c067c5a8a,Multi-Document QA,Financial,long,132097,923921,225522,20260928
66fa190bbb02136c067c5d32,Multi-Document QA,Financial,long,143273,1020356,255561,20260928
66f3c5f2821e116aacb2eccf,Multi-Document QA,Governmental,long,548344,3679642,963655,20260928
66f3f46f821e116aacb2ff5d,Multi-Document QA,Governmental,long,147499,882405,265642,20260928
66f55828821e116aacb3363e,Multi-Document QA,Governmental,long,194216,1206439,298801,20260928
66f5605a821e116aacb3381f,Multi-Document QA,Governmental,long,145783,861171,244665,20260928
66f8c9febb02136c067c4511,Multi-Document QA,Governmental,long,156501,1084345,245001,20260928
6704fe26bb02136c067ce670,Multi-Document QA,Governmental,long,223914,1619214,390268,20260928
66f97dc3bb02136c067c56c8,Multi-Document QA,Legal,long,142073,946693,254899,20260928
66fb6527bb02136c067c7b4f,Multi-Document QA,Legal,long,131841,889270,205753,20260928
66ec0c4c821e116aacb1994a,Multi-Document QA,Academic,medium,37621,245435,67578,20260928
66ed364d821e116aacb1f47e,Multi-Document QA,Academic,medium,43561,282101,85440,20260928
66efa5ea821e116aacb23268,Multi-Document QA,Academic,medium,43284,284151,94726,20260928
66f167c3821e116aacb274f4,Multi-Document QA,Academic,medium,127679,833225,208440,20260928
66f28ede821e116aacb29a27,Multi-Document QA,Academic,medium,92491,609629,153493,20260928
66fc05b6bb02136c067c88e4,Multi-Document QA,Academic,medium,41876,277778,75088,20260928
66f3c806821e116aacb2ed77,Multi-Document QA,Financial,medium,35431,235259,82820,20260928
66f53ab2821e116aacb33299,Multi-Document QA,Financial,medium,69350,475670,149824,20260928
66f8c783bb02136c067c44b8,Multi-Document QA,Financial,medium,53008,339919,74937,20260928
66f3cca6821e116aacb2ef7c,Multi-Document QA,Governmental,medium,66322,453094,108439,20260928
66f50109821e116aacb31f16,Multi-Document QA,Governmental,medium,116641,758721,253505,20260928
66f535c5821e116aacb33168,Multi-Document QA,Governmental,medium,80272,474305,131423,20260928
66f947abbb02136c067c4ea6,Multi-Document QA,Governmental,medium,85790,592416,168885,20260928
6707b3cabb02136c067d1021,Multi-Document QA,Governmental,medium,74959,513314,183482,20260928
66eb873c5a08c7b9b35dd849,Multi-Document QA,Legal,medium,46299,298685,154481,20260928
66f016e6821e116aacb25497,Multi-Document QA,Legal,medium,49568,315682,116116,20260928
66f3e473821e116aacb2fa73,Multi-Document QA,Multi-news,medium,35815,199313,47435,20260928
66fb8633bb02136c067c800b,Multi-Document QA,Multi-news,medium,120275,791117,245838,20260928
67009bd8bb02136c067caba9,Multi-Document QA,Multi-news,medium,102380,712222,192349,20260928
670646aebb02136c067cf85a,Multi-Document QA,Multi-news,medium,61183,380321,118150,20260928
66ebf9bf5a08c7b9b35e1f85,Multi-Document QA,Academic,short,30693,200443,54132,20260928
66ee490e821e116aacb2149c,Multi-Document QA,Academic,short,12527,78517,22291,20260928
66eefe85821e116aacb228dc,Multi-Document QA,Academic,short,19935,119867,30666,20260928
66f0ed5a821e116aacb265ab,Multi-Document QA,Academic,short,16218,106050,27045,20260928
66f2a98a821e116aacb2a8bf,Multi-Document QA,Academic,short,25389,167624,54189,20260928
66f2ad2b821e116aacb2ac0f,Multi-Document QA,Academic,short,27106,154453,53822,20260928
66f3de02821e116aacb2f73b,Multi-Document QA,Academic,short,31207,215661,62167,20260928
66f7a96cbb02136c067c3255,Multi-Document QA,Academic,short,27522,171775,46333,20260928
66f95126bb02136c067c5070,Multi-Document QA,Academic,short,15921,103923,28515,20260928
66faac15bb02136c067c73f3,Multi-Document QA,Academic,short,23526,158122,41900,20260928
66f3b843821e116aacb2e692,Multi-Document QA,Governmental,short,23859,155937,34817,20260928
66f3c1ab821e116aacb2ead1,Multi-Document QA,Governmental,short,29436,211848,51249,20260928
66ec356a821e116aacb1c22b,Multi-Document QA,Legal,short,8474,49345,10993,20260928
66f37eb9821e116aacb2d295,Multi-Document QA,Legal,short,8205,50656,10272,20260928
67078ecabb02136c067d0b89,Multi-Document QA,Legal,short,31517,198711,46916,20260928
66f3abe6821e116aacb2e1d2,Multi-Document QA,Multi-news,short,8835,56636,11312,20260928
66f78ecfbb02136c067c2f12,Multi-Document QA,Multi-news,short,10598,65468,15402,20260928
66fa6867bb02136c067c6b3b,Multi-Document QA,Multi-news,short,14840,107777,25995,20260928
66fa7f1dbb02136c067c6e6b,Multi-Document QA,Multi-news,short,9246,65541,16652,20260928
66fab4bfbb02136c067c754c,Multi-Document QA,Multi-news,short,9754,68805,17579,20260928
66ead7bd5a08c7b9b35dca7a,Single-Document QA,Academic,long,328431,1084161,667058,20260928
66ebc04a5a08c7b9b35de740,Single-Document QA,Academic,long,245998,1503495,380519,20260928
66ebeb5a5a08c7b9b35e1ba5,Single-Document QA,Academic,long,313601,2021478,597177,20260928
67095b87bb02136c067d1bad,Single-Document QA,Detective,long,147679,828729,224558,20260928
670bf1c4bb02136c067d2341,Single-Document QA,Detective,long,135270,720735,168915,20260928
670cf52abb02136c067d2728,Single-Document QA,Detective,long,155001,831185,195685,20260928
67239f49bb02136c067d6fc0,Single-Document QA,Event ordering,long,131925,826386,220879,20260928
6724631ebb02136c067d7300,Single-Document QA,Event ordering,long,228560,1356703,374418,20260928
6724645dbb02136c067d73ad,Single-Document QA,Event ordering,long,131899,776661,222751,20260928
66efc5e3821e116aacb23df1,Single-Document QA,Financial,long,148775,956852,235941,20260928
66f954a5bb02136c067c511a,Single-Document QA,Governmental,long,350135,2060554,568559,20260928
6703f57bbb02136c067cd714,Single-Document QA,Governmental,long,150256,889312,414157,20260928
6703f73cbb02136c067cd74a,Single-Document QA,Governmental,long,158155,1043476,305703,20260928
67040983bb02136c067cd996,Single-Document QA,Legal,long,262960,1645668,455318,20260928
66ebcc335a08c7b9b35df8b6,Single-Document QA,Literary,long,465693,2652969,694354,20260928
66ebd2475a08c7b9b35e0155,Single-Document QA,Literary,long,361556,1970905,480879,20260928
66ebd34d5a08c7b9b35e035d,Single-Document QA,Literary,long,656840,3597968,882011,20260928
66ebd55f5a08c7b9b35e0698,Single-Document QA,Literary,long,216979,1242232,332817,20260928
66ec2755821e116aacb1b6f2,Single-Document QA,Literary,long,142654,783740,185533,20260928
66f1cd02821e116aacb27d3f,Single-Document QA,Literary,long,432825,2305433,572875,20260928
66ebdfb65a08c7b9b35e140a,Single-Document QA,Academic,medium,51111,368170,103248,20260928
66f519a6821e116aacb32579,Single-Document QA,Academic,medium,95589,655663,188420,20260928
670aac92bb02136c067d218a,Single-Document QA,Detective,medium,101244,561614,141620,20260928
670fb813bb02136c067d2bec,Single-Document QA,Detective,medium,55104,333142,80159,20260928
670fbb78bb02136c067d2cd3,Single-Document QA,Detective,medium,70284,425557,101077,20260928
670fbbd0bb02136c067d2d04,Single-Document QA,Detective,medium,70284,425730,101099,20260928
67239fd9bb02136c067d6ff7,Single-Document QA,Event ordering,medium,86911,517705,152233,20260928
6723a770bb02136c067d7233,Single-Document QA,Event ordering,medium,83961,493423,122821,20260928
67246500bb02136c067d7423,Single-Document QA,Event ordering,medium,113506,668821,184249,20260928
67246903bb02136c067d74f2,Single-Document QA,Event ordering,medium,100067,602856,177480,20260928
66ed168b821e116aacb1ea8c,Single-Document QA,Financial,medium,90052,623890,150239,20260928
66ef8aa3821e116aacb22db5,Single-Document QA,Financial,medium,71756,472990,128028,20260928
66f3d2fc821e116aacb2f269,Single-Document QA,Financial,medium,73372,497324,146621,20260928
66f4cd2c821e116aacb316ef,Single-Document QA,Financial,medium,46523,331309,81053,20260928
66f950acbb02136c067c5021,Single-Document QA,Governmental,medium,36725,237432,70802,20260928
66f25a2f821e116aacb28b2f,Single-Document QA,Legal,medium,123847,763677,232127,20260928
66ec2374821e116aacb1b423,Single-Document QA,Literary,medium,104081,583959,147326,20260928
66f168d8821e116aacb27519,Single-Document QA,Literary,medium,107280,620778,172473,20260928
66f52d48821e116aacb32cf4,Single-Document QA,Literary,medium,115100,571382,168007,20260928
66f920d8bb02136c067c4b81,Single-Document QA,Literary,medium,66306,383195,83695,20260928
66ebb0e55a08c7b9b35ddd6a,Single-Document QA,Academic,short,11763,77224,20014,20260928
66ebbe4f5a08c7b9b35de533,Single-Document QA,Academic,short,9525,77555,18495,20260928
66ebcc1e5a08c7b9b35df87d,Single-Document QA,Academic,short,12813,77800,25237,20260928
66ebce825a08c7b9b35dfc75,Single-Document QA,Academic,short,12441,86451,23955,20260928
66ebed525a08c7b9b35e1cb4,Single-Document QA,Academic,short,16935,99778,24122,20260928
66ec0d4b821e116aacb19af8,Single-Document QA,Academic,short,15333,99252,30654,20260928
66ec0f3c821e116aacb19d70,Single-Document QA,Academic,short,15425,103425,26973,20260928
66ec18a7821e116aacb1a72e,Single-Document QA,Academic,short,18629,130367,47960,20260928
66ec2e2a821e116aacb1bb9f,Single-Document QA,Academic,short,14278,90380,22668,20260928
66f2b676821e116aacb2b27a,Single-Document QA,Financial,short,8908,67465,14060,20260928
66f3918f821e116aacb2d8b7,Single-Document QA,Financial,short,10907,68964,18066,20260928
66ebca1e5a08c7b9b35df5e8,Single-Document QA,Governmental,short,13829,95733,18253,20260928
66ec41d3821e116aacb1c874,Single-Document QA,Governmental,short,14064,97532,20618,20260928
66f52926821e116aacb32b5e,Single-Document QA,Governmental,short,24311,163097,36301,20260928
66ebd22e5a08c7b9b35e0126,Single-Document QA,Legal,short,12612,83739,18570,20260928
66ece958821e116aacb1df04,Single-Document QA,Legal,short,21036,130301,30448,20260928
66f8d84cbb02136c067c465f,Single-Document QA,Legal,short,17128,107062,28654,20260928
67040276bb02136c067cd8ae,Single-Document QA,Legal,short,8871,57567,14388,20260928
66ebd92d5a08c7b9b35e0bf0,Single-Document QA,Literary,short,13973,77678,17713,20260928
6704a83dbb02136c067cde1b,Single-Document QA,Literary,short,9471,67927,16338,20260928
